KoordID,x,y,whinchat,ptarmigan,dipper,elev.birds,prec.birds,temp.birds,est.slope,forest.edge.sum,forest.sum,grassland.sum,water.dist,buildings.sum
497118,497000,118000,0,0,0,421.600006103516,269.702378013043,20.3281736273333,0.885478215108284,3.4978125,8.49265625,0.9625,1000,268
497142,497000,142000,0,0,0,1451.59997558594,484.062202097317,13.3359449849488,3.67091013954203,18.93515625,45.715,53.785,11401.7542509914,2
503142,503000,142000,0,0,0,619.299987792969,256.000436128578,18.7893518345546,5.1697252433241,30.74484375,85.90328125,2.02578125,7071.06781186548,56
503150,503000,150000,0,0,0,1264.5,332.144023545782,14.7195729200027,1.39027325046743,26.4996875,57.2084375,41.8290625,6082.76253029822,3
503158,503000,158000,1,0,0,1044,295.286247414881,15.8161873492742,1.39389673115562,15.09,38.6559375,48.745625,0,11
509150,509000,150000,0,0,0,921.799987792969,276.532961273576,,3.29963041682044,10.98234375,26.5234375,17.66078125,7810.24967590665,35
509158,509000,158000,0,0,0,1359.80004882812,443.628476580734,,3.19300777604474,24.52140625,35.32140625,64.2334375,3605.55127546399,5
509166,509000,166000,0,0,0,1109,277.284553920136,,4.57211289014917,22.7440625,38.9715625,56.33203125,1414.2135623731,13
515158,515000,158000,0,0,0,1122.19995117188,275.065828161579,,16.9739096815957,3.43140625,95.76875,3.17640625,7810.24967590665,11
515166,515000,166000,0,0,0,1295.59997558594,420.680223191457,,8.51219045279732,17.75,71.81828125,26.21625,1414.2135623731,18
521150,521000,150000,0,0,0,513.200012207031,263.964083802606,19.5501017879508,1.6272394507073,9.179375,10.16328125,3.92703125,4000,51
521166,521000,166000,0,0,0,791.299987792969,241.74659716644,17.5519084808494,6.49813515694371,7.59015625,15.19109375,17.71796875,7071.06781186548,28
521174,521000,174000,0,0,1,717.900024414062,265.53935554709,17.5456909172907,7.25329098078048,27.579375,52.52421875,29.759375,0,35
527158,527000,158000,0,0,0,478.399993896484,239.066233631883,19.5281708763342,1.7942522905081,2.7440625,9.92671875,9.670625,7071.06781186548,47
527174,527000,174000,0,0,0,627.5,220.142106350992,18.6224868064425,2.73777143017938,21.583125,40.08859375,12.48703125,1000,36
527182,527000,182000,1,0,0,1232.80004882812,333.063911901587,14.7578277162114,11.4512226044155,23.55953125,49.88,48.1603125,5000,4
527190,527000,190000,0,0,0,1040.30004882812,324.505329715293,15.8571627181028,1.12874278835099,15.74453125,20.95140625,71.10390625,1414.2135623731,51
527198,527000,198000,0,0,0,1120.09997558594,406.103416445985,,1.26000067167278,23.18671875,61.27421875,37.69109375,5385.1648071345,6
533166,533000,166000,0,0,0,594.900024414062,309.659862786649,18.9022555934429,1.61587534724554,9.11703125,15.7775,8.6275,8246.21125123532,30
533182,533000,182000,0,0,0,525.400024414062,235.280625442002,19.121220280415,2.61586695225296,14.50984375,20.61984375,7.01125,4242.64068711928,36
533190,533000,190000,0,0,0,1428.09997558594,447.641485914208,13.6150108537878,3.39528648504461,15.21984375,48.1978125,50.874375,2828.42712474619,4
533198,533000,198000,0,0,0,1139.5,427.393708401475,15.1310361452497,2.14178274040961,16.76109375,54.39703125,44.0509375,3162.27766016838,10
539158,539000,158000,0,0,0,763.5,364.83558217731,17.8717088679011,2.92205820786223,27.44875,58.53828125,8.08390625,8000,105
539174,539000,174000,0,0,0,617.5,326.499358590456,18.6292342476689,4.45778221351088,13.41828125,15.52671875,17.99546875,5000,39
539190,539000,190000,0,0,0,1250.09997558594,336.189311450756,,11.7551947704094,17.7434375,77.6559375,21.82671875,5385.1648071345,17
539198,539000,198000,0,0,1,891,293.239264640505,,6.98864566963843,19.84421875,49.3809375,29.84671875,0,59
545150,545000,150000,0,0,0,728.799987792969,369.758852752828,18.3736698303409,7.69933089663003,1.08390625,16.5084375,24.55359375,2000,82
545166,545000,166000,0,0,0,786.799987792969,347.036160353954,17.7173196096604,1.18618341356144,18.60953125,18.83671875,23.494375,5000,43
545182,545000,182000,0,0,0,466.700012207031,255.737747845405,19.6201926951144,1.28386646291598,20.0734375,25.67015625,4.3209375,2000,44
545190,545000,190000,0,0,0,643.400024414062,240.56160076527,18.5359064837282,10.1347216289369,19.02734375,67.8178125,9.33265625,1414.2135623731,27
545198,545000,198000,0,0,0,1157.69995117188,432.989212814969,14.2491375481191,10.8609297115728,19.5590625,66.7665625,23.21609375,2000,11
545206,545000,206000,0,0,0,1248.09997558594,409.42520106974,14.85135606246,0.848753469686212,20.05609375,85.75875,12.22390625,6000,39
545214,545000,214000,0,0,0,1030.59997558594,433.556257935906,15.8051561034082,10.2825304394719,28.85671875,56.19453125,38.30453125,1000,24
551110,551000,110000,1,0,0,1658.80004882812,494.529585143214,12.3380721266824,15.9669555067879,0.861875,8.70796875,68.946875,10000,0
551158,551000,158000,0,0,1,632.200012207031,248.593877145585,18.7062739122031,2.85869346014173,1.02703125,8.67625,27.72734375,0,62
551174,551000,174000,0,0,0,747.900024414062,288.289405120243,17.9122885157416,1.71980408746339,21.9021875,33.60390625,22.1371875,3162.27766016838,36
551198,551000,198000,0,0,0,642.099975585938,244.148093677246,18.2829717994653,11.2182896662923,10.17046875,66.67109375,9.9303125,2236.06797749979,53
551206,551000,206000,0,0,0,1240.19995117188,459.688561179554,14.1913613023718,3.01752191897523,17.1725,48.22171875,51.24078125,5000,6
551214,551000,214000,1,0,0,1030.80004882812,377.703684034308,15.7467761154276,1.24886270756563,4.67265625,12.22234375,67.65703125,4123.10562561766,66
557118,557000,118000,0,0,0,1198.69995117188,305.365647147664,15.3104096349507,18.3328988003877,26.595,61.4546875,34.6928125,7810.24967590665,34
557134,557000,134000,0,0,0,378.399993896484,264.497545012605,20.5938678637114,3.41704828667192,13.36140625,28.5584375,6.0665625,0,38
557150,557000,150000,0,0,0,747.599975585938,338.114399145838,18.1564787730313,5.29413609751037,14.584375,46.56546875,36.705625,3162.27766016838,23
557166,557000,166000,0,0,0,751.200012207031,338.587442367363,17.8585694365116,2.32668205322016,11.66859375,14.59140625,50.15203125,5656.85424949238,61
557182,557000,182000,0,0,0,552.5,237.896628449673,19.0898215468172,2.9677636071836,26.654375,41.45703125,6.644375,2236.06797749979,25
557206,557000,206000,0,0,0,760.400024414062,293.93566040182,17.3970301171694,1.94582964415358,10.47640625,43.49421875,17.02,4000,22
557214,557000,214000,0,0,0,1260,490.259865274668,,5.2650972484126,35.03671875,53.8975,44.209375,3162.27766016838,8
557222,557000,222000,0,0,1,845.299987792969,418.769267915445,16.4493143091891,3.33977848821987,14.25,45.22921875,52.6784375,2000,13
563110,563000,110000,1,0,1,1925,354.342630420001,11.3097389410904,2.52863255601938,0,15.3759375,38.14984375,0,1
563126,563000,126000,0,0,0,388.700012207031,264.342500958373,20.6700833156886,1.1364745421154,10.10640625,23.7928125,6.6790625,0,71
563142,563000,142000,0,0,0,1284.40002441406,479.088136090294,14.1332707626369,18.6324522899608,28.49859375,62.91765625,26.46421875,4123.10562561766,8
563158,563000,158000,0,0,0,1344.40002441406,458.682573115269,14.7749037479532,6.43350512001141,22.12875,56.4946875,43.5053125,1000,0
563174,563000,174000,0,0,0,699.799987792969,286.86804457464,18.2690067773607,2.1165520815214,4.6528125,5.68484375,31.1709375,6403.12423743285,61
563190,563000,190000,0,0,0,440.700012207031,250.38815172212,19.7,0.194894529980239,0,1.0721875,1.575,0,18
563206,563000,206000,0,0,0,524.099975585938,286.03402153841,18.8422473505347,10.5681538833484,6.62359375,41.96703125,3.65359375,1000,97
563214,563000,214000,0,0,0,964.900024414062,324.073154059699,16.2261616758763,6.98877294833739,10.28609375,74.22640625,20.82046875,5000,47
563222,563000,222000,0,0,0,1193.80004882812,480.257247401224,14.7835467442065,3.28191539908689,16.445625,17.143125,78.02421875,1414.2135623731,18
563230,563000,230000,1,0,0,969,483.524545264965,15.9817156506637,5.67526430836396,9.48828125,29.9365625,41.02796875,1414.2135623731,38
563246,563000,246000,0,0,0,815.5,435.918723100253,,6.10334292725179,27.19828125,38.52578125,56.59828125,2828.42712474619,8
569102,569000,102000,0,0,0,886.900024414062,212.085454049983,17.4586945622224,20.3650594256844,23.5534375,83.1546875,6.254375,1000,32
569118,569000,118000,0,0,0,1496.5,407.75703965857,14.548227495059,28.2775573409681,37.30375,65.51484375,28.31265625,2000,12
569134,569000,134000,0,0,0,1188.59997558594,275.533011274972,15.6576888311339,13.828107268772,23.11328125,52.336875,34.955,7071.06781186548,59
569150,569000,150000,0,0,0,931.400024414062,255.553423997832,16.9819534229634,13.1902206995549,17.125,42.02625,52.76,1000,29
569166,569000,166000,0,0,0,919.900024414062,310.707984343885,,5.08795997314088,10.22140625,16.83703125,70.01296875,4123.10562561766,64
569182,569000,182000,0,0,0,612,335.086485226859,,0.568802957119128,2.77359375,4.9175,15.26015625,5656.85424949238,39
569198,569000,198000,0,0,0,539.200012207031,336.367885879864,,1.87573825615189,17.98328125,27.24859375,8.6275,1414.2135623731,51
569214,569000,214000,0,0,0,1043.59997558594,318.823974472369,,3.77439607733601,11.80515625,66.74015625,19.84671875,4123.10562561766,3
569222,569000,222000,0,0,0,1031.5,410.621962608008,15.9948035374691,13.1070999302066,26.10578125,58.36765625,31.75734375,1000,16
569230,569000,230000,0,0,0,1024,403.904420013733,15.744020579383,0.719757389571225,10.541875,26.33234375,46.03296875,5099.01951359279,11
569238,569000,238000,0,0,0,801.799987792969,409.453639632959,16.8031171709655,11.6268333935584,40.08015625,66.2709375,25.77578125,1000,24
569254,569000,254000,0,0,0,577.099975585938,316.798247214064,18.4211859414139,3.75821096659102,16.995625,39.50328125,31.085,9848.8578017961,17
575094,575000,94000,1,0,0,1177.69995117188,164.33940858133,15.9206185726436,10.9715962208417,33.90875,68.194375,19.20125,2828.42712474619,17
575110,575000,110000,0,0,0,489.600006103516,162.532861315647,20.0494090530418,13.4604279782555,14.55890625,18.75859375,3.15234375,1000,104
575126,575000,126000,0,0,0,1536.30004882812,388.775521919459,13.3975690988631,11.2364837572935,25.7109375,41.5028125,48.73796875,10770.329614269,8
575142,575000,142000,0,0,1,1185.90002441406,316.066827215448,15.5474370771353,8.51645850819696,31.349375,47.30640625,48.9484375,3000,10
575158,575000,158000,0,0,0,1127,489.616664843973,15.1867740593362,15.7586731784883,32.1071875,47.95125,49.9278125,1414.2135623731,11
575174,575000,174000,0,0,1,734.299987792969,396.158885266922,18.0056959050137,5.12587656441567,23.57671875,29.23640625,26.98265625,0,56
575190,575000,190000,0,0,0,569.299987792969,351.229410571674,,1.38496162594899,3.16703125,4.041875,13.56046875,2828.42712474619,97
575206,575000,206000,0,0,0,489.299987792969,362.88390308213,19.2001695878449,2.2213717352053,3.60078125,4.97578125,12.53546875,4000,77
575214,575000,214000,0,0,0,684.799987792969,297.688147544539,18.1623642855518,12.7854807022705,29.6478125,68.82171875,2.83703125,1000,28
575222,575000,222000,0,0,0,1240.90002441406,406.440853663439,14.2736135107618,1.38392840345072,19.72203125,52.79328125,46.08578125,3605.55127546399,2
575230,575000,230000,0,0,0,902.799987792969,358.959572888647,16.1658426481885,2.31822889288589,8.245625,14.52984375,39.9146875,0,56
575238,575000,238000,0,0,0,958.799987792969,410.062773424109,16.2416781392525,3.06740298902244,16.301875,43.63703125,44.9146875,2828.42712474619,12
575246,575000,246000,0,0,0,678.400024414062,382.847789079996,17.3997753586368,7.78364154516214,27.97421875,43.9675,46.503125,1000,6
575254,575000,254000,0,0,0,509.100006103516,349.593563529614,18.7,1.06211483683489,18.92796875,41.80890625,14.16265625,8544.00374531753,37
581086,581000,86000,1,0,0,1797.59997558594,207.381347099131,12.2222939640258,4.10732509397256,0.98109375,20.6921875,49.6609375,0,2
581102,581000,102000,0,0,0,1275.09997558594,214.940412765575,15.6220601661573,21.2183693939647,19.0153125,76.24203125,19.4128125,1000,41
581118,581000,118000,0,0,0,1202,183.139734548374,16.3005142217757,19.4822123456896,20.50671875,84.21171875,6.42171875,4123.10562561766,36
581134,581000,134000,1,0,0,1726.09997558594,382.650937152062,12.2474453048984,12.3086501134057,13.17421875,32.4125,61.3278125,5830.9518948453,9
581150,581000,150000,1,0,0,1236,343.485332549577,14.9753203375665,6.56727448880175,10.43890625,39.88859375,55.8396875,2000,17
581166,581000,166000,1,0,1,973,434.893603932409,16.0758493855874,1.79901460523721,28.8265625,50.4578125,43.34828125,7211.10255092798,7
581182,581000,182000,0,0,0,714.200012207031,398.186807124463,,1.97781860429213,17.1234375,20.265,28.1734375,2000,43
581198,581000,198000,0,0,1,501.799987792969,303.314057249835,19.2943848878555,0.845611741827637,14.040625,19.7571875,15.61296875,3162.27766016838,59
581214,581000,214000,0,0,0,429,322.69589735303,,2.02086756476273,0.8896875,5.19359375,7.42421875,0,59
581222,581000,222000,0,0,0,743.099975585938,313.400644308578,17.0862991900406,7.36449569070976,14.29875,45.340625,37.43390625,3605.55127546399,24
581230,581000,230000,0,0,1,813.299987792969,319.992828000157,17.1211768698588,0.887774543689079,3.8603125,7.88234375,29.07171875,1414.2135623731,58
581238,581000,238000,0,0,0,871.200012207031,350.79589692769,16.7220957219806,6.86865691878229,16.228125,87.03359375,12.7559375,5000,4
581246,581000,246000,0,0,0,632.5,427.152308660628,17.4598985058399,6.43305740601908,19.77203125,76.3484375,21.3709375,2000,3
587094,587000,94000,0,1,0,2718.5,277.626393282473,7.1365981132214,14.5847385670288,0,0,14.9675,3605.55127546399,0
587110,587000,110000,1,0,0,1702.5,269.528661734264,12.708895884425,20.9625616148364,15.71625,58.3471875,33.5290625,4472.13595499958,14
587126,587000,126000,0,1,0,2227.39990234375,344.038288473621,9.42652046872839,4.43202207944463,0,0.01734375,62.57078125,5000,1
587142,587000,142000,1,0,1,1168.09997558594,324.147002472199,15.4238334606962,8.42164048756664,16.52265625,54.18359375,43.8075,0,32
587158,587000,158000,0,0,0,1795.30004882812,493.566074328014,,7.68745621249352,17.9240625,34.29484375,46.80421875,8000,15
587174,587000,174000,0,0,0,1098.69995117188,464.798191298923,,13.4248773680724,3.99328125,94.34890625,4.3225,10630.1458127346,24
587190,587000,190000,0,0,1,623.5,355.946574770631,,0.498513946695537,6.01546875,19.654375,17.44828125,5000,80
587206,587000,206000,0,0,0,600.200012207031,399.010535243851,,5.02637285856854,27.35140625,45.6378125,11.67265625,1000,37
587222,587000,222000,0,0,1,445,276.098426859498,,2.88971727618113,5.85375,11.17625,0.59234375,0,205
587230,587000,230000,0,0,0,889,408.043616750301,,15.0249701290032,11.27015625,79.5734375,16.04296875,1000,38
587238,587000,238000,0,0,0,762.5,375.180536040859,,9.77323075541534,12.44125,81.95625,15.30203125,6000,13
587246,587000,246000,0,0,0,666.599975585938,359.59579065598,17.7261133440425,8.37286518582349,29.7384375,47.89953125,25.36015625,7000,16
593086,593000,86000,0,1,0,2493.80004882812,188.78498215525,8.11424706870555,15.3524177509466,0,0,18.37359375,1000,0
593118,593000,118000,0,0,0,520.599975585938,178.903779351537,19.7036088134786,12.1006087173972,16.86984375,21.9690625,5.93671875,0,151
593150,593000,150000,1,0,0,1939.30004882812,520.156431745888,11.5256111196804,5.83205474512494,16.27953125,18.3003125,79.56421875,3000,1
593166,593000,166000,0,0,0,1880.80004882812,523.674622244249,11.1325545503939,1.06055219229843,0.1771875,3.944375,76.13578125,3605.55127546399,0
593182,593000,182000,0,0,0,933.599975585938,457.98520673282,16.8778332998845,4.13025644698315,11.2284375,19.645625,62.614375,14000,24
593198,593000,198000,0,0,0,605.099975585938,344.699879710782,18.6910701318601,3.01304419094569,0.98109375,3.51,6.88421875,3000,50
593214,593000,214000,0,0,0,543.599975585938,407.614764206281,18.8660761438285,1.53085307052411,23.6925,56.14296875,10.725,6324.55532033676,47
593230,593000,230000,1,0,0,1249.19995117188,460.298597818148,14.8670113154257,8.80164346076095,18.67484375,44.50578125,53.81796875,1414.2135623731,8
593238,593000,238000,0,0,0,907.299987792969,382.663934452388,15.7380982696987,8.30855257422907,23.14640625,62.84625,36.185625,2000,11
593246,593000,246000,0,0,1,427,259.117201249771,19.2860860143657,3.82482872498824,2.2515625,7.68703125,10.85203125,1000,195
599110,599000,110000,0,1,0,1982.80004882812,236.965420127662,11.3128373527293,25.6115836083593,8.46625,68.54328125,21.316875,1414.2135623731,5
599126,599000,126000,0,0,0,891.200012207031,178.061111313079,17.5750673919051,6.34314312963912,19.863125,52.02859375,28.769375,3162.27766016838,82
599142,599000,142000,0,0,0,1437.90002441406,287.665294055321,14.0834649281413,14.691587609883,31.95515625,46.69203125,49.55390625,1000,37
599158,599000,158000,0,0,0,1797.59997558594,580.314487605303,11.6052801210468,1.05887868822378,1.544375,16.860625,74.78125,4000,5
599174,599000,174000,0,0,1,1387.90002441406,557.598868669935,13.8019788694734,6.69995426756081,23.68359375,27.1665625,66.89390625,7000,3
599190,599000,190000,0,0,0,853.299987792969,447.867244098999,17.2211131161917,3.11959970565509,14.62515625,22.13375,46.66375,6708.20393249937,22
599206,599000,206000,0,0,0,596,309.289152882402,18.6343835992799,1.0822563536819,14.73296875,25.22671875,9.86453125,2236.06797749979,125
599222,599000,222000,0,0,0,552.400024414062,438.066362138491,18.7,2.14731151808592,21.086875,79.10234375,4.06046875,1414.2135623731,37
599230,599000,230000,0,0,0,805,344.99376158652,16.6767927631246,15.8797195544676,15.8109375,86.68890625,10.111875,4000,11
599238,599000,238000,0,0,0,1034.30004882812,453.462319916135,15.4374744859205,15.5970343571625,46.009375,79.53859375,18.00171875,3162.27766016838,21
599246,599000,246000,0,0,0,646.099975585938,412.071084675654,17.618143051375,9.78885217012843,10.266875,85.81328125,10.4875,3000,2
599254,599000,254000,0,0,0,770,362.9782280347,17.3741621318198,3.53953643929407,12.42875,82.92078125,12.87375,4123.10562561766,5
605102,605000,102000,0,0,0,1883.59997558594,181.626283503512,12.3017111706233,18.1151068045643,30.17859375,77.31984375,11.92328125,0,36
605118,605000,118000,1,0,1,1631.09997558594,258.105401810826,12.4991527230497,12.0915027879147,18.05671875,82.47296875,15.4403125,5830.9518948453,7
605134,605000,134000,0,0,0,2923.80004882812,333.876079653248,6.5965722658359,10.9726505831226,0,0,1.155625,6082.76253029822,0
605150,605000,150000,0,1,0,2229.10009765625,558.364515465291,9.25447013307383,2.84258909687678,0,0,37.58453125,6324.55532033676,0
605166,605000,166000,0,0,0,991.799987792969,416.12918794553,16.6659286863057,17.7176738195807,23.7096875,42.04265625,56.94359375,1000,21
605182,605000,182000,0,0,1,621.400024414062,305.443609081999,18.690566278812,6.89229542996882,6.61703125,11.31,33.78546875,4123.10562561766,51
605198,605000,198000,0,0,0,606.400024414062,401.322866018093,18.5348800651216,3.7177832825561,20.061875,33.689375,9.294375,2000,118
605214,605000,214000,0,0,0,516.400024414062,320.391548353214,19.0055759721707,1.1071187497348,10.71765625,18.0259375,16.306875,3605.55127546399,74
605230,605000,230000,0,0,0,517.400024414062,338.195594357998,18.863922016237,4.01682782156226,7.2721875,15.300625,9.67953125,2236.06797749979,211
605238,605000,238000,1,0,0,1021.90002441406,437.740322070378,15.8593478218809,4.7339141566862,33.7609375,68.05,31.3,9055.38513813742,7
605246,605000,246000,0,0,0,798.5,415.094600080904,17.1454294965502,1.78663775727534,19.5428125,71.53625,22.85359375,4123.10562561766,43
605254,605000,254000,0,0,0,456.299987792969,263.803869331265,18.847113470923,4.3140379128716,20.92546875,76.04140625,11.5046875,1000,73
605262,605000,262000,0,0,0,381.899993896484,258.416893277074,19.4973383200588,1.70528639659532,17.4603125,18.48921875,1.0346875,7071.06781186548,78
611110,611000,110000,0,1,0,2751.80004882812,276.820396627909,6.813375354069,5.67775858650283,0,0,81.61296875,1414.2135623731,1
611126,611000,126000,0,0,0,948.900024414062,220.974625432398,17.2765256337037,29.7328880063171,20.9940625,88.3871875,1.8028125,1414.2135623731,6
611142,611000,142000,0,1,0,2451.5,500.593339436627,7.86731599175843,12.7108121434461,0,0,39.3153125,1414.2135623731,0
611158,611000,158000,0,1,0,2095.5,567.731447990769,10.2382758991043,15.7690769481584,0.12796875,2.08953125,79.8115625,5000,1
611174,611000,174000,0,0,0,646,374.844473815482,18.620897722223,4.05557163310561,10.3934375,18.0534375,30.40359375,1000,55
611190,611000,190000,0,0,0,664.400024414062,413.540192888153,18.4354331438288,3.67426561995507,20.22875,24.843125,10.77140625,2828.42712474619,53
611206,611000,206000,0,0,0,742.299987792969,440.562047314298,17.8758730452454,2.60991395160691,15.81234375,23.98953125,47.179375,4123.10562561766,13
611222,611000,222000,0,0,0,463.600006103516,344.599523484097,19.2938103306886,0.402143018973106,26.0603125,49.67734375,4.62015625,2828.42712474619,119
611238,611000,238000,0,0,1,526.200012207031,270.416827400578,18.4315866187046,4.39618843802923,18.75,28.16125,25.8390625,7000,37
611246,611000,246000,0,0,0,751.099975585938,377.188868967231,17.4641778119382,7.53294569048823,31.0684375,51.27625,43.67453125,8000,11
611254,611000,254000,0,0,0,324.899993896484,302.953797494854,19.3733838116317,2.62195809598901,15.62203125,35.60015625,21.4428125,0,53
611270,611000,270000,0,0,0,249.600006103516,248.195304332342,20.2,0.182880977104043,0,0,0,0,229
617118,617000,118000,0,0,0,2644.60009765625,267.019324283285,7.03726564926441,2.61446739525218,0,0,60.20546875,10000,0
617134,617000,134000,0,0,0,2403.10009765625,342.58358667632,8.42471849191901,9.35751186539365,0,0,88.05984375,5099.01951359279,8
617150,617000,150000,0,0,0,1314.5,303.267662594354,14.6817813481857,19.2794783125316,25.79484375,52.45328125,26.419375,0,52
617166,617000,166000,0,0,0,1384,468.448368706637,14.6203973304198,29.7049951453671,24.2140625,63.33140625,18.19859375,1000,11
617182,617000,182000,0,0,0,795.700012207031,455.321802865579,17.6731570165363,3.93900912433927,20.19046875,20.285,44.44515625,4242.64068711928,48
617198,617000,198000,0,0,0,897.700012207031,484.093444786496,16.8576346542282,1.32359854523807,7.274375,10.71734375,42.95,5000,29
617214,617000,214000,0,0,0,692.700012207031,447.00845841513,,2.15843722708984,16.809375,22.62421875,30.05421875,3605.55127546399,32
617230,617000,230000,0,0,0,463.200012207031,367.99255711269,,1.49393105835358,25.0859375,61.8975,5.768125,1000,81
617238,617000,238000,0,0,0,791,366.41169339945,17.0417771166056,14.6226338446595,9.61765625,82.92484375,8.2425,7000,17
617246,617000,246000,0,0,0,1025.40002441406,435.988104580124,15.6434523060728,5.16865509194224,47.79640625,58.50390625,40.97875,9433.9811320566,9
617254,617000,254000,0,0,0,517.900024414062,285.546816606026,18.6210909719481,5.50684536299788,15.950625,28.3084375,22.25640625,5000,70
617262,617000,262000,0,0,0,421.600006103516,324.832767382349,19.2526993371229,5.46057971658243,24.76765625,50.94046875,24.47828125,2000,84
623094,623000,94000,1,0,0,1995.69995117188,170.588698269222,11.5474152645539,19.2284777151176,26.074375,57.74828125,29.98078125,1000,32
623110,623000,110000,0,1,0,3120,216.714643580583,4.24488575233174,9.68237641675857,0,0,0.51734375,3605.55127546399,1
623126,623000,126000,0,0,0,1569.5,240.541443503863,13.9219177341144,25.4771508087526,17.67203125,91.50890625,7.91609375,2000,18
623158,623000,158000,0,0,0,1238.90002441406,523.664115168674,14.4621352440346,17.207666009606,42.070625,57.85140625,32.863125,6324.55532033676,10
623174,623000,174000,0,0,0,1331.5,586.5335142451,14.2734323708756,15.6647171052683,23.91828125,39.19765625,54.06203125,2828.42712474619,19
623190,623000,190000,0,0,0,834.599975585938,383.884581753216,17.0265808723934,3.62263952736404,30.0478125,37.28453125,46.69234375,3605.55127546399,24
623206,623000,206000,0,0,1,721.200012207031,447.146399501247,17.7401573474257,1.91716906245747,20.04140625,24.33453125,42.35234375,2236.06797749979,32
623222,623000,222000,0,0,0,613.599975585938,426.161558830998,18.2565042353682,2.81760565922347,22.2690625,22.36125,41.57140625,6324.55532033676,24
623238,623000,238000,0,0,1,447.799987792969,274.512892045766,19.150975489399,5.32436912246136,7.3678125,24.52828125,2.7390625,5000,47
623246,623000,246000,0,0,1,624.200012207031,320.896740360353,17.4033509195721,5.62710330943384,28.670625,63.66671875,31.74640625,10630.1458127346,21
623254,623000,254000,0,0,0,478.5,294.878698956051,18.9680219230212,3.79640841955585,29.1678125,49.28796875,26.66671875,10770.329614269,83
623262,623000,262000,0,0,0,378.600006103516,316.768414546436,19.475664322714,3.4707275137893,8.74515625,13.48234375,30.35484375,3000,68
629118,629000,118000,1,0,0,1670.40002441406,132.178835347609,13.1251479941342,27.7017115295729,16.7803125,44.37640625,42.55125,1000,24
629166,629000,166000,0,0,0,1680.80004882812,533.611814195671,14.2279493980606,16.2979443568212,34.063125,70.553125,20.1053125,2000,16
629182,629000,182000,0,0,0,1207.69995117188,496.901787728981,15.1685757374046,6.89317811221497,39.98984375,44.49890625,50.89703125,3000,8
629198,629000,198000,0,0,1,777.5,453.897594837321,17.4343504313533,5.92612540080043,22.23234375,31.78109375,49.0525,5000,26
629214,629000,214000,0,0,0,700.400024414062,363.406535588198,17.7360108593869,1.55228724282601,1.06765625,11.3153125,57.15671875,12041.5945787923,37
629230,629000,230000,0,0,0,493.5,338.905893826419,18.9957924952845,0.731144564718542,15.8815625,72.8815625,2.04796875,4000,60
629246,629000,246000,0,0,0,823.799987792969,336.418224916335,16.9239676587519,2.40050121977565,26.44625,44.818125,50.8553125,6000,6
629254,629000,254000,0,0,0,613.099975585938,361.889173575277,18.3301855620385,2.3171430973287,21.15671875,56.2615625,12.268125,10000,34
629262,629000,262000,0,0,0,441.799987792969,340.056835455199,,3.61626922301418,25.966875,43.4071875,19.231875,5385.1648071345,37
635110,635000,110000,0,0,0,2800.89990234375,221.037971632883,,29.4382812045576,0,0.02015625,28.79375,2000,0
635126,635000,126000,0,0,0,1065.69995117188,155.508731357009,,16.6412155165004,43.54921875,82.2415625,3.79546875,1000,96
635142,635000,142000,0,1,0,2420.39990234375,382.380571266044,7.60034119719695,29.2180732530908,0,0.12140625,13.27859375,13453.6240470737,0
635158,635000,158000,1,0,0,1591.80004882812,317.156093628531,14.5466354856644,24.9187821786519,22.31109375,41.2584375,45.8234375,6000,48
635174,635000,174000,0,0,0,1433.40002441406,428.546088655998,13.7331495640358,19.8545662510299,28.195,66.848125,28.01359375,2000,12
635190,635000,190000,0,0,0,839.400024414062,377.490213910635,17.2982536130319,3.51771815712553,25.33828125,34.6234375,57.77578125,5385.1648071345,40
635206,635000,206000,0,0,0,1145.09997558594,530.425169530315,15.2024062621011,4.24497690626132,28.36828125,71.656875,24.6875,9848.8578017961,4
635222,635000,222000,0,0,0,631.400024414062,359.884801064,18.1105194294308,0.542909545930682,9.37796875,10.715,39.32046875,13152.9464379659,37
635238,635000,238000,0,0,1,424.899993896484,294.782277743716,,1.00758633271395,8.34859375,18.63984375,17.74921875,2236.06797749979,95
635246,635000,246000,0,0,0,430.899993896484,268.932070338848,18.9786018812067,6.13355147543517,15.13828125,32.39359375,10.3865625,0,145
635254,635000,254000,0,0,0,568.799987792969,371.303613628172,18.330775910091,1.47765191199168,17.8003125,20.28234375,17.925,8000,26
635262,635000,262000,0,0,0,537.599975585938,315.174592508543,18.5687269429408,3.45912742706428,20.7940625,35.25546875,24.7296875,4000,47
641102,641000,102000,0,1,1,2446.69995117188,288.015741117448,9.14106663571435,12.9874749046502,2.66890625,12.636875,35.62046875,0,2
641118,641000,118000,0,1,0,2501.10009765625,297.465066216018,8.12620572967311,12.4080411862696,0.40359375,1.11578125,50.8846875,6324.55532033676,2
641134,641000,134000,0,0,1,1475.19995117188,170.752856426768,14.0126757026777,19.4270221173185,16.35453125,49.3575,24.734375,3605.55127546399,54
641166,641000,166000,0,0,0,1578,450.49151482319,12.87228801416,29.0075486341425,17.52,44.31890625,48.4525,1000,20
641182,641000,182000,0,0,0,1408.5,557.263482192384,13.8838579784075,8.88859671260485,9.225,17.92015625,80.08265625,2000,0
641198,641000,198000,0,0,1,768.200012207031,380.865201429245,,1.70372732751566,18.469375,18.33484375,74.73734375,2000,21
641214,641000,214000,0,0,1,676.299987792969,430.552433667385,17.8020643306608,3.32348933616443,11.15734375,23.06453125,71.65609375,6324.55532033676,9
641230,641000,230000,0,0,0,469.5,333.596982480244,19.0588790740986,5.03835646981554,7.7490625,18.7946875,16.93109375,5830.9518948453,72
641246,641000,246000,0,0,0,376.5,296.843464410432,19.5685697257079,1.7168194433581,1.6778125,10.17546875,5.94515625,0,180
641254,641000,254000,0,0,0,764.700012207031,397.371994664347,17.2175678328234,4.83636766905707,16.7103125,84.01671875,12.58984375,5830.9518948453,24
641262,641000,262000,0,0,0,495.600006103516,301.641405433456,18.8560728114503,4.19025900653802,19.1315625,47.35765625,14.1890625,4472.13595499958,34
647110,647000,110000,0,1,0,2369.60009765625,268.713529819248,9.62604625399035,21.1806120435974,0.853125,2.7184375,54.220625,8602.32526704263,1
647126,647000,126000,0,0,0,1705.09997558594,306.186370032328,12.5920497814517,20.8207008063763,30.0084375,73.18265625,15.6846875,5000,16
647142,647000,142000,0,0,0,2184.19995117188,245.535516881303,9.81855092897216,11.0833290698786,0,0,19.05625,6324.55532033676,0
647174,647000,174000,0,0,0,1610.40002441406,540.310966456714,,22.5187397461926,33.41171875,43.15734375,50.10203125,2000,27
647190,647000,190000,0,0,0,1352.30004882812,613.587202240993,,10.1731733301716,25.67140625,63.4971875,29.91859375,3000,3
647206,647000,206000,0,0,1,638.099975585938,384.455081300345,18.1406815140806,2.15221772456905,14.52140625,16.08375,69.009375,0,45
647222,647000,222000,0,0,0,636.400024414062,479.094525603832,18.2392902480438,2.71600913206561,19.28328125,53.665,18.04265625,2236.06797749979,19
647238,647000,238000,0,0,1,538.5,395.505886798882,18.7424195648733,1.73053104662206,18.4390625,38.01015625,32.79484375,1000,65
647254,647000,254000,0,0,0,656.900024414062,393.70075935463,17.8625457125237,2.13608838974914,16.92625,44.328125,32.88703125,3000,22
647262,647000,262000,0,0,0,605.200012207031,421.003132584788,18.3789289545376,4.2807863446828,27.59125,59.238125,14.53515625,5000,31
653118,653000,118000,0,0,1,2103.60009765625,276.308898471233,10.4033696917837,22.6812086339728,10.55078125,26.0115625,49.426875,15000,3
653134,653000,134000,0,1,0,2322.19995117188,372.706193587548,9.79799375596056,21.4142348499624,5.7625,28.0296875,32.4371875,2828.42712474619,4
653182,653000,182000,0,0,1,1148.19995117188,371.250173036715,15.3320923729364,23.324580049091,24.68828125,54.188125,38.02234375,2236.06797749979,50
653198,653000,198000,0,0,0,1284.5,632.023516318794,,11.2807315861347,26.53453125,50.90203125,44.505625,8485.28137423857,4
653214,653000,214000,0,0,0,664.099975585938,527.54767692618,,2.99429728554955,8.0375,15.4940625,36.46296875,3605.55127546399,52
653230,653000,230000,0,0,0,725.099975585938,443.968163703692,,1.54665847143946,19.790625,16.88546875,23.73375,4472.13595499958,61
653246,653000,246000,0,0,0,427.399993896484,315.599085144373,,2.5689096545101,24.12765625,54.58921875,6.7665625,2000,68
653254,653000,254000,0,0,0,369.5,262.061787563194,19.5631074221231,3.44414431795642,9.4428125,14.87171875,12.50078125,1000,116
653262,653000,262000,0,0,0,499.200012207031,330.422419545125,18.7266110079219,1.49266495650144,20.24265625,45.42265625,21.471875,4242.64068711928,43
659142,659000,142000,0,0,0,1856.90002441406,331.88510892579,12.2806832458594,23.0585832869106,23.475,73.79484375,14.18203125,1000,13
659174,659000,174000,0,0,0,823.200012207031,401.800857395911,17.5784248341868,16.8389860248161,46.3546875,65.879375,23.0678125,0,57
659190,659000,190000,0,0,0,469,358.719187611274,19.6259846840574,2.68818818634567,0.04484375,0.069375,23.58703125,0,54
659206,659000,206000,0,0,1,989.400024414062,662.350727200814,16.0980820930655,2.74415970201814,26.64921875,44.3078125,42.70515625,4000,13
659222,659000,222000,0,0,0,674.599975585938,503.941805439133,18.0492605847433,3.12427763445648,4.52421875,4.9996875,20.5165625,3605.55127546399,60
659238,659000,238000,0,0,1,490.899993896484,330.575278796062,19.0543106664289,2.72516622299243,2.99203125,7.34984375,12.06375,1000,106
659254,659000,254000,0,0,0,398.200012207031,291.521701568955,19.4322227636729,0.401033547168201,7.00296875,7.7,0.71328125,2000,48
659270,659000,270000,0,0,0,317.799987792969,244.194197650615,19.8,0.519235807603708,6.19859375,8.3040625,4.1584375,0,93
665150,665000,150000,1,0,0,1368.59997558594,229.463316505751,14.3575301406914,12.2383563307977,20.12890625,26.974375,58.135625,0,31
665166,665000,166000,0,0,1,1294.30004882812,349.887622042138,14.6270945545516,19.6930009544605,21.9653125,72.2684375,14.22671875,0,9
665182,665000,182000,0,1,0,1834.19995117188,638.089439912769,11.9442211687728,21.1630175529714,5.74109375,18.73609375,50.07265625,2828.42712474619,5
665198,665000,198000,0,0,0,572.299987792969,490.005182100327,18.7376118879218,1.71437869281088,28.57984375,56.72765625,29.2234375,1000,19
665214,665000,214000,0,0,1,428.299987792969,413.320417450857,19.6831585939669,0.521531301659953,3.55875,9.39890625,13.52140625,0,151
665230,665000,230000,0,0,0,781.700012207031,545.858168856372,17.2929086621176,4.19779161259041,11.28984375,39.6884375,8.91890625,3605.55127546399,17
665246,665000,246000,0,0,0,414,293.169568048264,19.470373868555,2.7760302497921,22.870625,40.939375,6.3609375,1000,62
665262,665000,262000,0,0,0,545,372.560088777452,18.2202177054872,3.11275068849284,5.9315625,83.20359375,3.4415625,3000,25
671158,671000,158000,1,0,1,2067.69995117188,358.002210828792,10.2802278184808,17.8042671268165,0,13.1621875,54.638125,1000,4
671174,671000,174000,0,1,0,2561.10009765625,628.330274444466,7.98832676929389,19.6853959712247,0.22421875,0.88265625,2.84796875,6082.76253029822,0
671190,671000,190000,0,0,0,768.299987792969,427.103561433077,17.6354001408608,15.3437867661794,26.35359375,59.66515625,34.23890625,0,7
671206,671000,206000,0,0,0,434,585.851628518476,19.6187649319531,10.3491037047898,10.23140625,10.2025,7.4834375,0,23
671222,671000,222000,0,0,0,516.299987792969,432.472655030838,19.1121103078824,2.59643845516759,17.82671875,23.014375,21.9871875,2000,41
671238,671000,238000,0,0,0,383.600006103516,318.185652521611,19.7,0.880773184714839,0.49328125,9.53234375,5.34640625,0,79
671254,671000,254000,0,0,0,510.299987792969,356.38834170211,18.7183064690126,1.98429007375307,29.82421875,64.9490625,12.5178125,1000,90
677126,677000,126000,0,0,0,1888.09997558594,421.597251035125,,19.1492437221191,16.5271875,46.57328125,15.0721875,12649.1106406735,2
677166,677000,166000,0,1,0,2359.10009765625,381.344669649353,8.06793079462503,19.6222299049719,0,0.78046875,16.7871875,2000,2
677182,677000,182000,0,0,0,1418.09997558594,489.816464934329,13.5106559682204,26.8563901803004,8.48890625,33.79265625,28.2184375,1000,1
677198,677000,198000,0,0,1,1284.30004882812,758.321451429561,14.1077125997567,8.45846984948028,17.8646875,61.6803125,31.18625,4472.13595499958,7
677214,677000,214000,0,0,0,700.099975585938,711.604460490374,17.9126684898931,11.3887638869332,10.16109375,35.2884375,55.2409375,2000,49
677230,677000,230000,0,0,0,438.200012207031,428.479797239797,19.3999195848259,1.2715583311852,11.25828125,12.0628125,21.74234375,2236.06797749979,38
677246,677000,246000,0,0,0,606.799987792969,475.79155012326,,2.53181470951648,14.058125,46.72109375,3.968125,4000,129
677262,677000,262000,0,0,0,485.399993896484,275.11647622718,,2.67225859568963,1.1528125,1.1440625,10.13546875,2236.06797749979,87
677278,677000,278000,0,0,0,498.899993896484,344.29916911538,18.7175399871422,4.03899097847157,13.23671875,51.91515625,5.31125,8062.25774829855,26
683126,683000,126000,0,0,1,988,390.983182477027,16.5331545082175,11.2645240455069,30.57859375,87.47421875,3.23953125,7211.10255092798,29
683134,683000,134000,0,0,0,1092.80004882812,395.672851278384,14.8478794977796,13.9105566419911,23.3503125,54.45546875,13.48921875,6324.55532033676,3
683142,683000,142000,0,0,0,1730.09997558594,402.204647191875,12.5055256830412,18.980419420303,8.47484375,30.3721875,33.62234375,3605.55127546399,2
683150,683000,150000,0,0,0,1870.30004882812,416.224951204892,12.0201090433689,20.4929590997516,10.97359375,52.8875,26.50828125,1000,14
683158,683000,158000,0,1,0,2443.89990234375,532.915061240297,7.98042393646581,3.43820813654032,0,0,50.75125,1414.2135623731,0
683174,683000,174000,0,0,0,2259.19995117188,439.348631843131,9.55259531470818,25.2150061272378,0,6.7265625,30.52515625,5385.1648071345,1
683190,683000,190000,0,1,0,2782.80004882812,815.630683278341,7.07554578955883,11.3975100660337,0,0,12.096875,3000,1
683206,683000,206000,0,0,1,795.200012207031,641.837129599326,17.3216243734493,13.8750128453547,39.6153125,56.8109375,34.9,2000,31
683222,683000,222000,0,0,0,958,680.820346619229,,3.44207329204788,20.4359375,46.7215625,46.3159375,2000,23
683238,683000,238000,0,0,1,464,365.339810070709,18.9375596224904,1.28079946146408,20.4828125,20.47953125,15.25421875,0,194
683254,683000,254000,0,0,0,438.299987792969,323.93883736561,19.1966714972754,1.02976466673116,15.40375,23.756875,10.46,1000,147
683270,683000,270000,0,0,0,490.200012207031,352.566619305076,18.8621672087091,1.25222373091565,14.778125,22.22890625,18.8890625,1000,43
683286,683000,286000,0,0,0,672.099975585938,356.613748370693,17.1045717624865,5.07151858940129,5.45203125,93.14546875,3.470625,6403.12423743285,1
689126,689000,126000,0,0,0,1789.19995117188,596.456909213221,13.179934511023,10.8503174414288,21.52,88.01625,6.3446875,2236.06797749979,12
689134,689000,134000,0,0,0,1311.5,395.95463626631,16.1946480793547,28.7280399873492,30.97734375,71.81390625,14.58296875,1000,22
689142,689000,142000,0,0,0,1447.69995117188,379.653736376824,14.0789602356136,18.6548149427845,13.1303125,40.94078125,26.94640625,0,8
689150,689000,150000,0,1,0,2494.60009765625,508.151158281674,,7.13018906757376,0,0.7696875,56.04515625,2828.42712474619,0
689158,689000,158000,0,1,0,2663.60009765625,545.463130236554,7.27071640637239,8.69503759602684,0,0,38.971875,5000,0
689166,689000,166000,1,0,0,1837.90002441406,440.25377009889,11.5922884411192,18.1878119550119,0,13.7475,65.63515625,1000,24
689182,689000,182000,0,0,0,1944,492.048325679768,10.3286573296333,7.8430405211553,0,2.87265625,63.4959375,4000,1
689198,689000,198000,0,0,0,518.299987792969,495.098501143123,19.0649962149728,16.6162410452959,13.79921875,42.81046875,12.384375,1000,5
689214,689000,214000,0,0,1,834.599975585938,486.951997857491,17.1828652744328,7.45581965114149,3.3190625,13.0109375,74.84796875,4123.10562561766,41
689230,689000,230000,0,0,0,654.599975585938,515.41134843642,18.0780647541113,2.87240740072767,15.51453125,21.396875,47.383125,2000,51
689246,689000,246000,0,0,0,611.099975585938,454.904323899242,18.2188170928512,3.76952159754064,15.19578125,37.38265625,6.493125,2000,132
689262,689000,262000,0,0,0,576.599975585938,395.381252373703,,3.96339260265412,18.27921875,82.92046875,5.28546875,1000,52
689278,689000,278000,0,0,0,359.100006103516,272.295923051697,19.2917834817213,1.21990132158802,16.871875,16.25703125,3.056875,0,25
695110,695000,110000,0,0,0,1513.59997558594,792.197301720423,15.0766500766748,6.58136352455556,23.190625,67.7615625,14.89078125,4000,11
695118,695000,118000,0,0,0,840.599975585938,475.795756064057,18.1179582275543,15.8740297732059,34.334375,89.49328125,8.60875,3605.55127546399,42
695126,695000,126000,0,0,0,696.200012207031,428.591521884677,19.0854752965427,16.4128994764825,12.92078125,78.30328125,6.75078125,0,39
695142,695000,142000,0,0,0,1796.69995117188,606.520498517742,11.8470072483692,22.0939994380432,14.80609375,51.043125,23.40921875,3605.55127546399,7
695150,695000,150000,0,0,0,1703.30004882812,463.354265551282,12.7775929278414,23.7827917229647,13.7,78.52359375,14.24265625,2000,24
695158,695000,158000,0,1,1,2379.80004882812,501.664288934133,8.84059310650367,13.5726864117343,0,0,48.85953125,3162.27766016838,2
695174,695000,174000,0,1,0,2574.10009765625,586.968853527746,7.26024484246359,1.8152388504071,0,0,8.93140625,4242.64068711928,0
695190,695000,190000,0,0,0,1235,595.239441107923,,12.9074011466374,30.72359375,60.31875,33.49578125,4000,34
695206,695000,206000,0,0,1,866.599975585938,676.555758778516,16.8819518152956,10.5641823695451,34.05453125,70.73421875,24.77140625,6708.20393249937,15
695222,695000,222000,1,0,1,908.799987792969,524.39781447452,,1.27344093353723,10.86484375,26.04265625,47.7246875,3000,8
695238,695000,238000,0,0,0,524.5,397.203169759708,18.7531619806249,4.78292782220819,10.556875,11.63734375,40.94546875,2236.06797749979,101
695254,695000,254000,0,0,1,523.200012207031,389.547704247362,18.6570520382355,1.89950447879695,26.3215625,27.4521875,15.78875,3605.55127546399,115
695270,695000,270000,0,0,0,447.100006103516,320.823948503405,18.989358728739,1.10995285667629,16.9796875,22.036875,13.3471875,2000,32
695286,695000,286000,0,0,0,475.100006103516,287.950114312059,18.7703187457247,1.34012862468332,21.56609375,56.109375,1.13875,3000,11
701118,701000,118000,0,0,0,753.299987792969,547.676950848015,19.2029034133971,19.1340905293449,27.5021875,68.59765625,11.0125,1000,50
701126,701000,126000,0,0,0,2106.10009765625,758.67658262666,11.1683223757719,5.23167730179238,8.1965625,15.1071875,46.934375,5000,3
701134,701000,134000,0,0,0,1110.59997558594,462.77925815793,,7.72743327947,19.8925,61.69,22.66203125,7280.10988928052,6
701142,701000,142000,0,1,0,2546,666.106223927267,,2.61173670292008,0,0.05484375,42.11453125,5656.85424949238,0
701150,701000,150000,0,0,0,1097.80004882812,341.817455931009,,25.082900933476,22.32515625,83.17453125,8.70125,1000,13
701158,701000,158000,0,1,0,2487,415.684769439314,7.81544973953778,13.1454892020047,0,0,50.1390625,2000,0
701166,701000,166000,0,0,1,1810.30004882812,358.626370864655,11.464162943648,7.06311451582948,1.21484375,30.66765625,35.9259375,1000,0
701182,701000,182000,0,0,0,1611.40002441406,379.571434192314,12.682140154901,20.2784305463635,21.29546875,45.14125,37.58484375,7280.10988928052,14
701198,701000,198000,0,0,1,1370.90002441406,588.814138990051,13.9940993961473,7.66758251314273,13.7396875,21.36125,63.8446875,8246.21125123532,4
701214,701000,214000,0,0,0,1358.30004882812,695.937399409073,13.9938305633032,5.46404513318192,24.75890625,67.778125,31.146875,2828.42712474619,1
701230,701000,230000,0,0,0,412.899993896484,415.809903220116,19.7,7.95138670365879E-16,0,1.55203125,3.031875,0,10
701246,701000,246000,0,0,0,537,409.76000433374,18.6671824618043,0.559730811459569,0.511875,4.028125,8.90328125,0,118
701262,701000,262000,0,0,1,471.399993896484,362.747963026674,18.9070301448632,1.55410881702006,6.48765625,4.5021875,12.0903125,4472.13595499958,101
701278,701000,278000,0,0,0,458.399993896484,324.046584474945,18.8804222693228,4.23412405484798,6.5875,46.88078125,11.1765625,3000,36
707094,707000,94000,0,0,1,321.600006103516,434.756408584167,21.7006903808591,3.9472832163612,25.9471875,52.6996875,9.12453125,1000,80
707110,707000,110000,0,0,1,344.600006103516,565.363013667533,21.6555426858462,15.9802615363693,26.285,52.52875,5.630625,1000,50
707118,707000,118000,0,0,0,710,460.777596617879,,16.0377456683462,25.22265625,89.22890625,2.05484375,2000,38
707134,707000,134000,0,1,0,1947.30004882812,650.035965334386,,24.1684009007696,0,20.44109375,48.53203125,5656.85424949238,3
707142,707000,142000,0,0,0,1004.90002441406,348.441675897886,17.3421848458299,17.7490882688911,35.81546875,68.4109375,16.82171875,1000,40
707150,707000,150000,0,0,0,1917.40002441406,438.416324165988,11.2614307221264,19.3745944672117,10.59640625,33.46953125,35.92984375,3605.55127546399,21
707158,707000,158000,0,1,0,2719.5,487.530601446425,6.473878915424,9.55901745146934,0,0,4.78375,4000,1
707174,707000,174000,0,0,0,1720,290.455848807357,12.5772807673219,22.4082003527179,15.14140625,85.2421875,8.78203125,1414.2135623731,32
707190,707000,190000,0,1,0,2393.60009765625,710.168540180557,8.49323228909509,17.6098731794815,0,0,30.7715625,5000,2
707206,707000,206000,0,0,0,1830,806.144501825886,11.2947951251641,11.0195146228093,0,2.743125,64.44265625,3605.55127546399,2
707222,707000,222000,0,0,0,1269.40002441406,727.596176966125,14.8879366546975,4.05398175544155,16.4409375,77.0796875,21.32796875,5000,4
707238,707000,238000,0,0,0,611.299987792969,564.533272650975,,5.57557773829709,11.83953125,21.7075,47.7421875,4472.13595499958,115
707254,707000,254000,0,0,0,579,444.94884691732,17.8980966121078,1.89311850745791,19.04,40.070625,31.653125,1000,63
707270,707000,270000,0,0,0,384.200012207031,289.809880375602,19.4133749002707,2.3580875500028,19.01234375,22.26390625,20.50890625,0,72
713094,713000,94000,0,0,0,271.200012207031,372.37712321268,22.2777020733312,1.50974086492459,15.42390625,18.8134375,6.693125,0,136
713102,713000,102000,0,0,0,959.700012207031,451.478661638528,18.0791506198673,21.5206226170691,20.881875,85.6815625,8.30640625,8000,41
713110,713000,110000,0,0,0,578,561.823446637593,,11.3961162725502,25.4471875,83.35640625,3.08390625,2828.42712474619,40
713118,713000,118000,0,0,0,1759.59997558594,600.204453337267,14.1871110745867,7.23282350839654,13.1728125,91.20609375,1.20203125,4000,10
713126,713000,126000,0,0,0,1849.80004882812,689.101759221204,11.4654965011323,12.4195292946111,11.97421875,38.61328125,18.4753125,5830.9518948453,3
713134,713000,134000,0,0,0,868.400024414062,458.387003340246,17.3218510118184,13.1454823678115,34.6890625,92.84765625,2.95078125,1414.2135623731,11
713142,713000,142000,0,0,0,1948,537.146070595118,,11.4897193525553,15.35265625,68.43640625,8.15921875,3605.55127546399,11
713150,713000,150000,0,0,0,1613.5,336.887593943311,13.4817647990599,20.789947635303,21.56453125,52.258125,44.1003125,7810.24967590665,18
713158,713000,158000,1,0,0,2017,310.352899699171,11.3661807285299,22.0694868045001,10.02265625,40.0578125,46.9365625,4000,12
713166,713000,166000,0,0,0,2416.19995117188,459.15415551345,,8.89520191077492,0,0,18.81875,7810.24967590665,1
713182,713000,182000,0,1,0,2609.80004882812,506.91341739575,,6.36450182847359,0,0,7.1225,4472.13595499958,0
713198,713000,198000,0,1,1,2023.69995117188,818.565562066992,,8.16594363278608,0,0,26.453125,2236.06797749979,0
713214,713000,214000,0,0,0,1505,777.201529531078,,22.0128171964719,15.22078125,66.4384375,22.58109375,1000,4
713230,713000,230000,0,0,0,406,522.558508223398,19.4577414015962,2.83377934739095,9.61828125,23.8215625,5.34921875,0,66
713246,713000,246000,0,0,0,881.799987792969,562.478734786877,16.6431379095737,5.79897393588199,40.12953125,66.2540625,30.47984375,1000,19
713262,713000,262000,0,0,1,463.200012207031,307.70891757563,18.98404944255,0.10427950741945,3.3609375,7.56703125,29.35390625,8944.27190999916,76
713278,713000,278000,0,0,0,502.600006103516,352.653803584371,18.3671072382439,5.57380100811603,20.85984375,60.80546875,10.54109375,1000,24
719078,719000,78000,0,0,1,342.299987792969,357.026526019562,22.0568949354862,2.3654537376137,18.4865625,30.56171875,21.53265625,7000,117
719086,719000,86000,0,0,0,271,361.372313032819,22.3936075519715,4.92960054857669,12.815625,33.35140625,2.27984375,0,53
719094,719000,94000,0,0,0,272.899993896484,404.412875738424,22.1717932870312,7.94766034410891,7.6903125,7.41578125,0.5375,0,38
719102,719000,102000,0,0,0,604.599975585938,399.132890690499,20.2035347265713,5.80027888012224,24.625625,64.59,8.00921875,6403.12423743285,102
719110,719000,110000,0,0,0,1080.80004882812,614.994606207973,17.7363474154458,2.49249131879085,12.35515625,67.4096875,18.95078125,4000,37
719118,719000,118000,0,0,0,1376.30004882812,461.885430441133,15.931024625341,15.7189727786063,26.345,84.90046875,10.018125,2000,19
719126,719000,126000,0,0,0,257.5,359.771336307478,21.9,14.0802931772399,26.26015625,53.93390625,12.87015625,1000,42
719134,719000,134000,0,0,0,1292.40002441406,608.941059882897,15.2285983732753,36.1808577505313,18.48953125,69.95828125,12.83296875,2000,25
719142,719000,142000,1,0,0,1227.59997558594,446.816104459581,15.7322573025502,26.5310489630886,21.83359375,77.1075,20.75375,7615.77310586391,37
719150,719000,150000,0,0,0,1770.09997558594,503.020825103499,12.2748929886804,22.1988733649502,15.3009375,45.23046875,35.16421875,4242.64068711928,7
719158,719000,158000,1,1,0,2085.60009765625,426.075303032344,11.1704472868424,16.8062265677573,6.43828125,29.27890625,45.92953125,2000,3
719174,719000,174000,0,1,0,2043.69995117188,453.854635492884,10.9157448201689,15.2985486398535,7.020625,22.94859375,26.73640625,2828.42712474619,2
719190,719000,190000,0,1,0,2163.10009765625,616.014820469527,9.98814065504267,12.4286071271924,0,0,42.4475,2000,1
719206,719000,206000,0,1,0,2337.69995117188,720.426883014974,8.30850456920354,27.9101144784492,0,0,4.51171875,3605.55127546399,0
719222,719000,222000,0,0,0,802.400024414062,601.862539925092,16.8850015722511,26.5538825219661,27.033125,83.00515625,11.89703125,1414.2135623731,37
719238,719000,238000,0,0,0,1078.90002441406,741.105123606332,15.1958294806095,1.38722553630111,30.775625,59.7415625,39.7959375,2828.42712474619,5
719254,719000,254000,0,0,0,767.799987792969,438.992136441568,,2.9055430316961,17.41328125,72.1928125,24.5890625,3000,34
719270,719000,270000,0,0,1,509.200012207031,328.551463430307,,4.54167497831327,16.93875,49.23234375,12.11578125,0,44
725110,725000,110000,0,1,0,2144,735.378329929891,12.0150169393148,4.76744051051441,3.47359375,32.47578125,45.93390625,6403.12423743285,3
725118,725000,118000,0,0,0,741.599975585938,606.356891704775,18.4549567496251,12.3301543534094,14.075625,95.55234375,0.55484375,1414.2135623731,28
725126,725000,126000,0,1,0,2038.90002441406,623.745951403807,11.0815139009065,5.14101801962332,13.27796875,29.1171875,52.249375,4123.10562561766,2
725134,725000,134000,0,1,0,2245.10009765625,742.457719760119,9.05257940254745,18.124985721179,0.31390625,0.60703125,7.5503125,7280.10988928052,4
725142,725000,142000,0,0,0,1618,606.63669755355,,14.7305125755368,11.22296875,78.711875,11.0571875,8246.21125123532,2
725150,725000,150000,0,0,0,2547.89990234375,486.71368824094,,11.7533173785397,0,0,2.9625,1414.2135623731,0
725166,725000,166000,1,0,0,1559.30004882812,289.358481197067,12.8391451559791,11.3372148218404,11.29171875,42.36703125,45.1878125,3605.55127546399,18
725182,725000,182000,1,0,0,1542.5,333.902508390865,13.4220033655458,15.317489018905,12.24046875,21.19515625,75.718125,2236.06797749979,39
725198,725000,198000,0,1,0,2400,737.588774330914,8.71300783409638,14.5730717259006,0,0.3234375,42.82265625,5000,4
725214,725000,214000,1,0,0,1383.5,699.312932169945,14.2262710825397,21.8879805247473,12.47875,33.0165625,62.07859375,2000,10
725230,725000,230000,0,0,0,1232.40002441406,821.882047130464,14.8422679929316,9.48214362439096,27.363125,66.1003125,32.91984375,5385.1648071345,6
725246,725000,246000,0,0,0,881.099975585938,562.997366178179,17.1620956037281,5.31532172077301,27.4709375,37.28984375,52.09515625,1000,59
725262,725000,262000,0,0,0,666.299987792969,384.982010587767,17.7753841906017,2.5193212852659,19.495625,19.76953125,50.14375,4000,42
725278,725000,278000,0,0,0,546.400024414062,330.3042721243,18.3440726083479,2.53390043104908,13.18390625,87.343125,3.1515625,3000,33
731118,731000,118000,0,0,0,1463.5,581.888316066312,15.1064038597486,21.4293171954695,13.3446875,96.3903125,2.12421875,3000,5
731126,731000,126000,0,0,0,1301.69995117188,439.937852631652,15.3792516335787,22.4308954497746,7.95875,89.70515625,4.08390625,2000,21
731134,731000,134000,0,0,0,2075.39990234375,616.094034853745,,19.0592923942144,22.10921875,54.42,19.17625,5000,1
731158,731000,158000,0,1,0,2738,531.959980917211,,4.61787425089872,0,0,56.8103125,2236.06797749979,0
731174,731000,174000,1,0,0,1291.80004882812,267.7154146687,,13.7024392592784,5.65453125,11.27859375,75.99921875,1414.2135623731,49
731190,731000,190000,0,1,0,2214.39990234375,457.875369154163,8.97430456302631,9.52014440400721,0,0,88.279375,8544.00374531753,0
731206,731000,206000,0,0,0,1302.09997558594,523.514877649837,14.1865551251124,12.9626273545629,13.459375,78.20015625,17.074375,5099.01951359279,12
731222,731000,222000,0,0,0,1193.59997558594,572.667531862614,16.4411676418284,24.4539109441981,29.05375,57.09703125,35.20984375,1000,45
731238,731000,238000,0,0,0,1054.5,595.82905739573,,5.42539656342107,37.3046875,44.3790625,49.63828125,3605.55127546399,27
731254,731000,254000,0,0,1,538.299987792969,411.602312599725,,0.791001534484148,20.48015625,43.14453125,43.79546875,3000,96
731270,731000,270000,0,0,0,502.700012207031,340.968955703843,18.7433767866064,2.4062301066237,7.21390625,14.73875,24.7915625,3605.55127546399,100
737134,737000,134000,0,0,1,680.099975585938,344.307072916241,18.8515508229908,21.3138921619637,29.9521875,81.409375,7.21125,0,12
737142,737000,142000,0,0,1,1187.80004882812,332.19601340797,15.8486288844806,9.13298221512951,25.3190625,54.01953125,27.82109375,0,29
737150,737000,150000,0,0,0,2536.39990234375,619.845897114839,7.98833278387774,7.03169011294648,0,0,31.59625,0,0
737166,737000,166000,0,1,0,2437.69995117188,526.039917308668,8.21026686478422,6.83526147333922,0,0,78.70296875,3000,0
737182,737000,182000,0,0,1,706.400024414062,275.677819772167,18.3330047389323,8.7866791354671,15.10265625,37.1871875,28.075625,0,47
737198,737000,198000,0,0,0,2628.39990234375,682.891301269448,,21.09616491588,0,0.58390625,18.38078125,6324.55532033676,1
737214,737000,214000,0,0,0,2035.59997558594,600.477264185802,,7.65262300167024,0,1.4584375,91.2540625,5385.1648071345,6
737230,737000,230000,0,0,0,1613.80004882812,770.126817920902,12.3060866125354,6.86672020869261,3.004375,24.2884375,71.54140625,2000,3
737246,737000,246000,0,0,0,870.5,529.214998997978,16.4009609371266,2.81819384108121,19.2609375,34.07796875,53.36890625,7071.06781186548,56
737262,737000,262000,0,0,0,512.5,388.606562542745,18.6019225603776,2.24401298210673,12.01078125,25.08125,32.41796875,0,66
743158,743000,158000,1,0,0,1802.09997558594,339.962514731217,11.5444330478082,18.0997922669447,8.45203125,18.70859375,66.6928125,1000,20
743174,743000,174000,1,0,0,1638.90002441406,290.275523668747,,19.3293491376716,22.36375,36.379375,55.643125,8246.21125123532,21
743190,743000,190000,0,1,0,1391.40002441406,345.283405655445,14.045313583442,17.6668303607602,15.848125,63.67359375,23.0865625,4242.64068711928,25
743206,743000,206000,1,0,0,1387,384.166618234223,13.8270506765482,19.7200238642667,21.466875,57.28484375,37.5590625,1000,9
743222,743000,222000,0,0,0,1333.40002441406,603.493299927212,14.210950298849,29.0344413459347,29.28765625,50.9321875,43.75609375,2828.42712474619,29
743238,743000,238000,0,0,0,1266.59997558594,699.147237662257,14.0904758641213,5.31042246976902,19.30671875,58.34625,38.0121875,5099.01951359279,3
743254,743000,254000,1,0,1,579.099975585938,380.468572517754,18.0795479901612,2.04497031592836,23.6746875,41.26984375,27.64203125,0,144
743270,743000,270000,0,0,0,436.399993896484,342.057991825235,19.0994555386217,0.816536235776672,11.05578125,70.2546875,11.2678125,2000,98
749150,749000,150000,0,1,0,2412.5,469.005257507051,8.51081765404633,9.89709750116126,0,0,48.76015625,8062.25774829855,0
749166,749000,166000,1,0,0,1775.59997558594,299.885865267243,11.7570229537223,16.4126639041278,12.129375,40.9075,51.373125,3162.27766016838,13
749182,749000,182000,0,0,0,1021.5,338.360112226345,,23.9916277702878,16.56875,86.50828125,11.68375,1000,6
749198,749000,198000,0,0,0,1428.19995117188,375.714732349601,12.4632053060668,25.5726385034054,10.0146875,16.969375,41.496875,1414.2135623731,1
749214,749000,214000,0,0,0,478,433.17715444117,18.7121842331108,19.0503777508381,22.40796875,38.301875,32.93328125,1000,57
749230,749000,230000,0,0,0,1012.40002441406,443.255768285572,15.8569062021566,12.6839878857226,14.11984375,30.2128125,67.38234375,4123.10562561766,20
749246,749000,246000,0,0,0,987,634.442997489613,,3.1487875324526,8.80015625,22.39265625,74.43109375,1414.2135623731,55
749262,749000,262000,0,0,0,407.600006103516,342.690336896147,,2.19333110200293,3.74125,5.47171875,26.0571875,3162.27766016838,124
755158,755000,158000,0,1,0,2227.69995117188,510.844536741147,9.82428790379779,19.9718141744607,4.5228125,13.18703125,57.92296875,4123.10562561766,9
755174,755000,174000,0,0,1,690.5,316.23132191161,17.9928324123652,8.25396611925888,24.41640625,62.73953125,17.9375,0,44
755190,755000,190000,0,0,0,569.5,246.109341726726,18.7506192233989,14.9891111803495,10.97796875,26.204375,11.57171875,0,60
755206,755000,206000,0,0,0,928.200012207031,338.466612898896,16.6633437768007,15.5827034294402,27.40515625,67.27453125,28.56375,2828.42712474619,39
755222,755000,222000,0,0,0,453.299987792969,359.984068729286,19.5,2.94038886442568,3.45296875,12.13703125,28.37734375,1000,83
755238,755000,238000,0,0,0,1464.69995117188,556.76521930603,14.5094303665081,23.1614379699065,22.7971875,56.440625,33.96625,3000,30
755254,755000,254000,0,0,0,950.5,652.433298166381,15.9514992078469,2.94199053803052,29.96125,31.2971875,59.919375,7000,82
761134,761000,134000,0,0,1,1093.90002441406,312.145768352352,16.4726392722457,23.4306699795291,22.9815625,70.37171875,19.50640625,1000,37
761150,761000,150000,0,1,0,2736,530.476606738836,6.41938424221281,2.69882548626863,0,0,13.175,6708.20393249937,0
761166,761000,166000,0,0,0,1782.90002441406,345.606325562819,12.1000157762513,17.0818107857241,9.94203125,80.88515625,9.88546875,2828.42712474619,6
761182,761000,182000,1,0,1,1333.69995117188,346.338660812076,14.3165932047042,5.76092984744975,19.2,46.2265625,44.6165625,4000,66
761198,761000,198000,0,0,0,536.299987792969,244.761721903034,19.221602622985,3.50237015643301,16.66453125,9.47578125,10.1196875,0,51
761246,761000,246000,0,0,0,416.799987792969,437.222443340652,19.5,0.268961021967718,0,0.63546875,15.93296875,2000,44
767134,767000,134000,0,0,0,1267.19995117188,334.880925554871,15.0918087326642,27.7894939123078,12.91765625,89.60453125,1.2096875,1000,20
767142,767000,142000,0,1,0,2538.69995117188,420.848053992515,7.38567568114684,10.03127509196,0,0,40.5415625,4242.64068711928,0
767158,767000,158000,1,0,0,1410.80004882812,273.885278000353,14.2435935805195,2.47691504478294,14.858125,62.808125,29.78703125,0,10
767174,767000,174000,0,0,1,1933.80004882812,347.879782650514,,15.7703203599874,12.95359375,53.19703125,31.5796875,3000,6
767190,767000,190000,0,0,0,1578.80004882812,399.994767983399,,16.5206520594399,20.6803125,58.8459375,37.7846875,2000,38
767206,767000,206000,0,0,0,899.599975585938,278.405244231121,,13.923065464573,16.95671875,32.42421875,51.115,2000,90
773134,773000,134000,0,0,0,2599.39990234375,431.970667724703,7.38368288509725,15.9843476171156,0,0,2.83703125,1414.2135623731,1
773150,773000,150000,0,0,0,2553.80004882812,393.735837248882,7.67132367028534,8.45100913067895,0,0,42.62390625,1414.2135623731,1
773166,773000,166000,0,1,0,2341.80004882812,450.652316255253,8.74176932346358,10.6195035207701,9.4375,18.64234375,71.79,5656.85424949238,1
773182,773000,182000,0,0,0,2158.89990234375,551.379431501943,9.45496675279244,17.6167661351556,6.54703125,10.71234375,43.78890625,1414.2135623731,0
773198,773000,198000,0,0,0,1178.80004882812,370.54766115193,15.3621424121313,19.1573327330396,31.48015625,59.349375,38.28171875,1000,38
779142,779000,142000,1,0,1,2041.80004882812,336.724427373512,10.6089211577291,10.0688581097671,7.01484375,18.6934375,75.14859375,2236.06797749979,10
779158,779000,158000,0,0,0,2287.60009765625,306.292405700535,9.05406828861077,11.1113739149447,0,18.57265625,64.6315625,7280.10988928052,2
779174,779000,174000,0,0,1,2001.5,418.213328183729,,11.6517955520035,15.5646875,40.7746875,37.9125,2236.06797749979,10
779190,779000,190000,0,1,0,2510.39990234375,592.283446352977,,10.0623703107851,0,0,26.37890625,5000,2
779206,779000,206000,0,0,0,1716.90002441406,554.463922300855,11.9255450945572,16.8505105644325,8.2396875,31.5071875,51.73875,7615.77310586391,11
785150,785000,150000,0,1,0,2216.60009765625,333.135725916824,9.73010549130034,24.6359904811538,17.275,43.19234375,23.015,1414.2135623731,18
785166,785000,166000,0,0,0,2732.89990234375,437.131564283534,6.26286612390819,14.1696606571658,0,0,24.6278125,6403.12423743285,0
785182,785000,182000,0,1,0,2286.80004882812,419.140147828536,9.19530377130625,19.49669035163,6.67140625,14.64953125,58.78046875,3605.55127546399,10
785198,785000,198000,0,1,0,2187.30004882812,513.019007060483,9.3822585933191,10.7265806733274,0,0,69.97484375,2828.42712474619,5
791142,791000,142000,0,0,0,2477.69995117188,323.682452619934,,8.40067900585287,0,0,7.8121875,7000,1
791158,791000,158000,0,1,0,2583.80004882812,367.074203218605,,13.9389051946285,6.33984375,6.22046875,65.81296875,2236.06797749979,0
791174,791000,174000,0,0,0,3032.60009765625,440.141151181706,,11.4472119871627,0,0,0.8203125,6000,0
791190,791000,190000,0,1,0,2139.60009765625,411.930935851828,10.0999510532558,23.6498484444902,5.64109375,20.733125,48.36515625,1000,0
797134,797000,134000,0,0,0,2383.30004882812,322.798181015164,9.31335102439102,18.5380499360687,4.4484375,7.76015625,70.02828125,4000,1
797142,797000,142000,0,1,0,2316,358.529697533604,,13.9623731256061,0,0,43.71359375,1000,1
797150,797000,150000,0,1,0,2823.89990234375,385.048601213105,,8.27536986939718,0,0,20.60171875,5830.9518948453,1
797166,797000,166000,0,0,0,1830,254.072716003484,12.0674043355424,12.5827152067641,20.75578125,68.78828125,21.34359375,1000,9
797182,797000,182000,0,1,1,2095.19995117188,291.321049370865,9.60098417550008,14.7640614159466,3.5815625,3.40484375,63.07796875,4123.10562561766,1
803126,803000,126000,0,0,0,2037.19995117188,375.194652013447,11.0994424614751,19.5252586528287,9.71984375,33.16078125,39.48265625,2236.06797749979,1
803134,803000,134000,0,0,0,1870.40002441406,393.892273827341,12.3020921304371,28.0551708473141,13.85015625,56.88453125,20.25984375,2000,14
803142,803000,142000,1,0,0,2375.60009765625,374.215936058708,8.93958442170703,19.5596616793928,6.124375,11.12890625,53.13984375,1000,2
803174,803000,174000,1,0,1,1560.30004882812,237.548832055585,12.9360350562375,10.6066216875805,10.6634375,66.155625,30.11640625,1000,27
803190,803000,190000,0,0,0,2842,421.748314722195,5.3206406202049,6.03659550737368,0,0,0,7071.06781186548,0
809126,809000,126000,0,0,0,1901,399.394393998712,11.839481133237,25.8614507538809,13.4925,74.6184375,18.6409375,2000,9
809182,809000,182000,0,0,1,1843.90002441406,272.138616321071,,21.5817452652639,20.3128125,87.7859375,5.79515625,1000,5
815174,815000,174000,0,0,0,2656.30004882812,365.615803022023,7.2500755484361,6.77962498242194,0,0.0346875,13.73140625,8485.28137423857,0
815190,815000,190000,0,1,0,2391.30004882812,298.864582401035,,13.5357337433948,0,0,77.35484375,5000,2
821166,821000,166000,0,1,1,2145.30004882812,261.225172541239,10.231450163975,19.5094567871155,11.536875,63.78296875,11.76,1000,3
821182,821000,182000,0,0,0,2905,429.487883945091,,9.44996237280268,0,0,15.22375,4242.64068711928,1
827190,827000,190000,0,0,1,1582.09997558594,312.697824963918,12.8184524941478,17.5891425029145,20.6565625,88.6225,1.71375,1000,0
833166,833000,166000,0,1,0,2620.19995117188,367.83488898026,7.60745558954724,5.78087873487114,0.40359375,0.809375,30.93171875,2828.42712474619,0
